Vintage,1,2,3,4,5,6,7,8,9,10,11,12,13,14,15,16,17,18,19,20,21,22,23,24,25,26,27,28,29,30,31,32,33,34,35,36,37,38,39,40,41,42,43,44,45,46,47,48,49,50,51,52,53,54,55,56,57,58,59,60
1993,0.842654481,0.914083008,0.93145862,0.952172851,0.974347046,0.99246331,1.069377506,1.239539137,1.263791723,1.322386114,1.18909449,1.152467365,1.113919283,1.239113445,1.429184153,1.181014415,0.874359845,0.981786825,0.983061815,1.159857197,0.871838921,0.930887077,0.850373522,0.864807063,0.895407541,0.979995688,1.007955575,0.852563117,0.627173783,0.517521735,0.452970633,0.443434178,0.379583569,0.380974948,0.378845879,0.36208156,0.341998855,0.317069277,0.298181582,0.315734263,0.344800651,0.222386966,0.3444686,0.205920615,0.128051921,0.143463253,0.14565661,0.095319385,0.078430675,0.039356889,0.041663896,0.047540045,0.047396921,0.058663462,0.027665018,0.018604574,0.022385675,0.024720436,0.015225941,0.014020253
1994,0.808902244,0.776238254,0.884406661,0.896035569,0.893138941,0.972055017,0.948312728,0.96363527,1.090701978,1.126912971,1.127752696,1.109884774,1.079892102,1.136809808,1.04733041,1.170720625,1.190891888,1.193017839,1.289302173,1.241265723,0.965550295,1.004541045,1.199072516,1.295454953,1.293764815,1.128692024,0.837948692,0.706739893,0.631872896,0.618272656,0.582495335,0.500341584,0.468101141,0.403834243,0.378143148,0.392532729,0.407468283,0.499557222,0.449990315,0.347028656,0.389515059,0.414317354,0.3042786,0.311776852,0.320778232,0.345142722,0.45109941,0.291038019,0.225725058,0.148654579,0.166329469,0.16533464,0.122902375,0.249058214,0.231901058,0.009634606,0.009646395,0.009872879,0.009348818,0.005655987
1995,0.988229474,0.996866034,1.018857072,0.99009167,1.022153518,1.035374517,1.097549204,1.084865137,1.060171289,1.052908381,1.062193589,1.019279098,1.081526603,1.158311955,1.111393369,1.165442224,1.19415893,1.265208006,1.200476619,1.315130277,1.694496774,1.735166187,1.068871039,0.802896444,0.601249744,0.676100153,0.581599711,0.595811543,0.569804639,0.492717509,0.413637668,0.38925299,0.37965079,0.39275924,0.362130036,0.332686637,0.294640318,0.276108214,0.209713693,0.238912307,0.226536997,0.221842405,0.203711946,0.187342493,0.184685952,0.153424371,0.165044922,0.134216745,0.118980891,0.192697172,0.271402542,0.102117126,0.044932624,0.043272681,0.027900543,0.014417989,0.013164151,0.014766782,0.01409248,0.012433617
1996,0.992196938,0.967484611,0.95673331,0.943789407,0.902786965,0.954677657,0.972260449,1.0169982,0.998697263,0.99092365,1.037505276,0.898492511,0.835088593,0.817136547,0.979633646,0.905712344,0.844363934,0.759439335,0.722668787,0.583138856,0.53701088,0.48106544,0.48656481,0.495126978,0.481095541,0.411002964,0.362817706,0.370691403,0.369146696,0.363561315,0.440548524,0.425399098,0.363866277,0.298509146,0.393960003,0.427840799,0.410387907,0.384144058,0.270054103,0.265533528,0.250206332,0.252330299,0.260618423,0.273750744,0.220951406,0.262042902,0.195722453,0.186984797,0.159999969,0.120226394,0.085958505,0.069713353,0.051922427,0.053063927,0.076502287,0.076139498,0.068533342,0.072887437,0.071713658,
1997,0.879352519,0.93364336,0.940427448,0.946391909,0.950015282,1.039074636,1.016081076,1.040312282,1.092349716,1.197965552,1.181680811,1.834829357,1.678723274,1.740512607,1.451477355,1.185454317,1.097399305,0.983619519,0.80497855,0.779341109,0.756455255,0.715377981,0.630861108,0.619823059,0.576460782,0.565311596,0.552681865,0.536431254,0.506274883,0.459796802,0.435714474,0.382034159,0.36216644,0.361014648,0.310303984,0.263703767,0.253083179,0.254311657,0.25506775,0.196146406,0.192451086,0.203312073,0.18147764,0.161792065,0.156595835,0.150082175,0.147655768,0.107725003,0.1078743,0.107235622,0.111971478,0.115304528,0.116501662,0.103790767,0.1144988,0.089750992,0.076968857,0.076386348,0.066988796,0.057797561
1998,0.960461434,0.930361457,0.942892125,0.954749244,0.950845167,1.125993389,1.11337916,1.333497199,1.40840892,1.279159576,1.186501021,1.106201471,0.966545375,0.972644431,0.868543869,0.82681326,0.785110811,0.730572525,0.663716239,0.639359227,0.6252687,0.654221904,0.666314571,0.675090805,0.658699738,0.651233308,0.620032384,0.637824731,0.569963074,0.571621268,0.508900374,0.475758995,0.465688064,0.444910823,0.427043141,0.394253997,0.380735648,0.348034891,0.323805301,0.263453593,0.239577625,0.219642763,0.18886914,0.148741786,0.143354519,0.149664395,0.15865559,0.143641599,0.145784172,0.142121003,0.122296154,0.096790385,0.098203889,0.079005061,0.051640537,0.040282309,0.038689992,0.034367804,0.036428828,0.029563901
1999,0.896071827,0.958379807,0.971509918,1.073481111,1.171466436,1.206206325,1.212887209,1.096611397,0.999814033,0.949182302,0.841706604,0.782553967,0.765984573,0.677369129,0.652040844,0.624151212,0.590422557,0.58963786,0.628450918,0.631090386,0.610113462,0.580061907,0.563837212,0.550087812,0.530637967,0.530569378,0.528362759,0.500212121,0.489922897,0.464026317,0.456396852,0.411249877,0.393818078,0.357383476,0.352500959,0.316445503,0.296752758,0.293575753,0.275579338,0.23261677,0.217252428,0.216128713,0.223933791,0.2121871,0.219322757,0.194755273,0.184839545,0.189462576,0.193438986,0.174102058,0.150127741,0.123281895,0.121840214,0.102180244,0.097671791,0.083128493,0.081028581,0.068996117,0.061251792,0.055873126
2000,0.969223859,0.888027511,0.861334066,0.862551199,0.813487217,0.865621041,0.74798475,0.772267072,0.736302248,0.691511173,0.718384026,0.752763647,0.774991439,0.799187827,0.808143457,0.840508154,0.823430777,0.816417242,0.815691959,0.839008799,0.828287308,0.846520269,0.867008392,0.941744569,0.89794375,0.885316904,0.820318959,0.843060021,0.81144498,0.823970378,0.768515581,0.734163193,0.662545626,0.621706285,0.565444027,0.481437756,0.461783687,0.472440657,0.489128685,0.48508389,0.462590499,0.412159409,0.411004644,0.381398338,0.361221207,0.320155382,0.250296291,0.238145345,0.231120634,0.221202848,0.17160455,0.161038877,0.156658268,0.152521031,0.148869566,0.132694509,0.126071142,0.1137971,0.101684736,0.09630152
2001,0.95894152,1.095014882,0.884652696,0.867097617,0.895516129,0.902472431,0.850230239,0.898064978,0.922988145,0.920942864,0.875176064,0.965389735,0.869432197,0.802304467,0.785098127,0.928803755,0.878537192,0.919741839,0.898176834,0.918226726,0.80590266,0.831482067,0.759128214,0.826832912,0.783025417,0.740903902,0.647401397,0.66381912,0.623793428,0.535782802,0.489527919,0.383998965,0.367381007,0.361733968,0.347371745,0.383078068,0.338138518,0.330056603,0.343082693,0.325491982,0.326592362,0.278474277,0.255673386,0.235855413,0.239146048,0.224824125,0.212267724,0.189637637,0.186877997,0.165035681,0.139978293,0.115767585,0.110017766,0.098921898,0.092549965,0.068937181,0.062991265,0.063625606,0.056515625,0.048518022
2002,0.938552277,1.03427757,1.13455824,1.064893736,0.887869829,0.79555219,0.716189385,0.654166163,0.646497584,0.696252321,0.70471424,0.683983425,0.736795796,0.921250606,0.885585983,0.907310269,0.902708201,1.010037732,0.946118826,1.026649083,0.864077787,0.861611479,0.871516805,0.875769254,0.853188712,0.80462979,0.775338249,0.791860545,0.810176506,0.903066517,0.946615753,0.974713984,1.090185229,0.847739314,0.862439316,0.819505208,0.79147906,0.762485914,0.608948321,0.588830793,0.586073238,0.424484663,0.372281938,0.302693113,0.311825297,0.343552998,0.230983719,0.248279224,0.234629333,0.235136675,0.218400839,0.187286638,0.187071791,0.19807643,0.207021374,0.228544851,0.279381695,0.034823424,,
2003,0.922956534,0.850891802,0.73936568,1.035547959,0.937966592,0.969193102,0.995842527,1.178255353,1.065064716,0.97210603,1.012870204,1.074479599,0.954186427,0.954936422,1.066348431,1.075362895,1.141426996,1.135692488,1.062632588,1.010058939,0.950499084,0.926673352,0.838047299,0.692340875,0.657621762,0.699960411,0.73826172,0.706989761,0.695167614,0.684307852,0.728330959,0.736828245,0.756305327,0.735225129,0.588112839,0.551482563,0.566846526,0.526151264,0.510447283,0.468949801,0.459001537,0.450872486,0.450569081,0.41738921,0.376139254,0.358006471,0.279365795,0.275835225,0.260691064,0.238294207,0.201336452,0.161852438,0.146004896,0.125947599,0.120805012,0.113546565,0.092695827,0.088722885,0.083895409,0.077193856
2004,1.203160796,1.162380956,1.021236486,1.036548492,1.01486742,1.157105588,1.047237024,1.04725713,1.039130058,1.002966753,1.019489132,1.119829359,1.12589085,1.067294452,1.06922518,1.097609141,0.965850661,0.930293029,0.853967546,0.681794894,0.666779221,0.680026079,0.708973049,0.743251186,0.742041518,0.727687079,0.732953172,0.758977667,0.735890177,0.707174143,0.611509597,0.6034863,0.616316335,0.56539878,0.543196465,0.468621303,0.447301415,0.455257448,0.445667057,0.34966232,0.315668327,0.295662382,0.275501138,0.238332403,0.182778627,0.177457138,0.168952445,0.152774791,0.144771037,0.13428316,0.132785238,0.135767099,0.131793037,0.102542235,0.106388743,0.104727413,0.10486831,0.110828409,0.096751306,0.089584948
2005,0.830660019,0.865126333,0.933359595,0.919254672,0.914350865,0.942106521,0.942348954,0.956358714,0.979867126,0.997257388,1.008697903,1.053497442,1.042320766,1.040332425,0.971951278,0.833114857,0.774202161,0.828042417,0.88176614,0.904143402,0.878585701,0.881175148,0.886970089,0.89134511,0.901656359,0.88973435,0.820375956,0.801381873,0.834057338,0.750447439,0.700930553,0.652012671,0.631788523,0.579714615,0.561705622,0.547397273,0.515538767,0.488558514,0.434244943,0.427423133,0.386885173,0.359085258,0.33003063,0.288501695,0.274733806,0.249055795,0.219524913,0.127759031,0.106769401,0.095078494,0.078797307,0.063591635,0.057133083,0.054727845,0.054982479,0.047979112,0.040074471,0.03918721,0.033870167,0.033102911
2006,0.890357104,0.889303619,0.921038508,0.958990758,0.965571832,0.964847505,0.97810791,0.975726692,0.970213889,0.938592003,0.871633802,0.731234601,0.694997542,0.71844696,0.754802786,0.809812261,0.82625394,0.825521602,0.85843073,0.892028497,0.904226223,0.922528283,0.824458661,0.828706857,0.868517641,0.822419094,0.818347717,0.789599472,0.800364945,0.78400394,0.788994196,0.759479004,0.716567346,0.705374213,0.660920345,0.631029196,0.600818046,0.558567904,0.47745458,0.434949153,0.40859133,0.371867793,0.33541767,0.300395024,0.275576705,0.248629,0.245859343,0.237087883,0.200647155,0.184888612,0.162903045,0.131624714,0.129575527,0.125234347,0.111109287,0.102388247,0.066419257,0.062237927,0.051950671,0.052344519
2007,0.95421263,0.966996661,0.982230526,0.930923498,0.940332212,0.920379578,0.84656748,0.709053814,0.677712691,0.744968293,0.80362423,0.861490395,0.869540291,0.875119884,0.904220546,0.912586571,0.886305268,0.876191148,0.843574024,0.845201768,0.848031892,0.796613563,0.787222119,0.751418618,0.749245017,0.740128223,0.760124335,0.759727857,0.747506625,0.717077952,0.677072233,0.62129365,0.539015796,0.520108681,0.479025486,0.448347182,0.418222597,0.368779979,0.34564476,0.313352217,0.314532763,0.295081977,0.293714193,0.255190956,0.228709539,0.216572382,0.206560926,0.187519495,0.170594767,0.1543145,0.142853464,0.138189936,0.118570019,0.120743657,0.129762921,0.138958337,0.124604544,0.120644978,0.076362848,
2008,0.952690727,0.918330885,0.903142626,0.781406304,0.734309638,0.800178932,0.872355027,0.926484334,0.924952583,0.888343282,0.923965963,0.964362118,0.951462627,0.963753933,0.897803782,0.921442874,0.9561521,0.904531138,0.912041527,0.922275501,0.935453371,0.936965679,0.967825368,0.917846683,0.895049847,0.913793608,0.863451574,0.799576552,0.788605824,0.78845307,0.710792654,0.657494621,0.669075301,0.623938625,0.62947617,0.622435107,0.611496969,0.528921436,0.512934948,0.471720511,0.438427612,0.402966881,0.393369998,0.323079405,0.319215422,0.288033225,0.256710316,0.264134973,0.208791809,0.186045011,0.185440613,0.195503615,0.175867242,0.161186469,0.143147727,0.09856722,0.07912582,0.067177906,0.062851744,0.059819451
2009,0.969154275,1.048123107,1.100205934,1.139067614,1.138185384,1.138869841,1.147586173,1.151996838,1.159429214,1.104493496,1.131562219,1.185159141,1.177913156,1.189807226,1.090353942,1.056829141,1.065234472,1.06374751,1.026572256,1.003159135,0.988004257,0.986006645,0.98301054,0.961929825,0.917247159,0.863282329,0.820705723,0.785212495,0.844842089,0.893598575,0.822162324,0.834101381,0.769544784,0.711888014,0.622238132,0.554517117,0.545858364,0.525380597,0.48135752,0.411764786,0.397590512,0.377405429,0.397755049,0.397604877,0.443370792,0.368759145,0.360514025,0.352386826,0.336452662,0.281666718,0.218700609,0.20463776,0.133148208,0.134250245,0.132908984,0.119276218,0.120458764,0.132866567,0.114692305,
2010,0.899914124,0.957907626,0.949627217,0.969168564,0.976964873,0.988741174,1.028730304,1.030173655,1.060595712,1.01701512,0.97136041,1.022833541,1.02612157,1.028163481,1.080759791,1.134637353,1.136536216,1.138415143,1.087513816,1.070649459,1.065582634,1.047663889,0.997046331,0.943103143,0.942811621,0.917734082,0.890088197,0.867121264,0.848765026,0.787857197,0.792200689,0.732100665,0.709080458,0.700337756,0.690109565,0.687226301,0.666642855,0.694199462,0.563019297,0.486818501,0.449634567,0.612254901,0.641496598,0.59079015,0.613722819,0.699928266,0.632010975,0.588074943,0.590064203,0.459608848,0.417116352,0.361086075,0.337689579,0.309228709,0.296573191,0.290771514,0.277883614,0.269548108,0.264134135,0.265395948
2011,0.813560496,0.877542993,0.895464506,0.912460196,0.937198541,0.96193332,0.971133587,0.971873027,0.998494342,0.995365006,1.021872068,1.041459708,1.041835721,1.085078871,1.025966081,1.009491119,0.99521198,0.967841148,0.937591911,0.904366037,0.882058674,0.884350529,0.908735299,0.879036526,0.89201941,0.942356074,0.931052165,0.886616945,0.881539602,0.847875608,0.824031253,0.72834316,0.712569475,0.663973174,0.615935841,0.616521921,0.497385985,0.55599373,0.579834807,0.521135881,0.560330302,0.545533798,0.528224551,0.427444647,0.384029548,0.347709148,0.313160733,0.304567927,0.28484396,0.276077075,0.252129139,0.239112794,0.197782474,0.190786782,0.182692534,0.172904605,0.160572062,0.159412544,0.145878201,0.131387905
2012,0.997612444,0.958742546,1.001484163,1.003078856,1.000478333,0.993685017,1.009351711,1.081221879,1.0708041,1.108621533,1.072625812,1.086098914,1.088540909,1.112489045,1.090365586,1.10494611,1.100666529,1.075777588,1.079739089,1.047276349,1.015531302,1.006319481,0.984847997,0.921244276,0.946361405,0.913704206,0.888731002,0.813862324,0.825861795,0.743851215,0.679275886,0.688171471,0.570818238,0.620642621,0.636659443,0.659012822,0.854406051,0.943076313,0.85903824,0.7444101,0.625631551,0.502822872,0.495044071,0.450297617,0.43613398,0.437169356,0.433868422,0.426302595,0.382906852,0.363647946,0.351871088,0.362574001,0.30899459,0.324484868,0.3811471,0.370874543,,,,
2013,0.914774868,0.93242488,0.993789284,1.051807291,0.95351855,1.0484435,1.025428105,1.005238498,1.023010719,1.031229978,1.022075046,1.041066161,1.024712134,1.045542359,1.042089511,1.048049629,1.06671612,1.053774703,1.02882465,1.006335098,1.00060462,0.991621464,0.996041983,0.933532132,0.936242952,0.927556071,0.88340101,0.935525528,0.796470599,0.850228952,0.892390578,0.901031137,0.92689181,1.013736394,1.011106617,0.934762646,0.855373755,0.681065665,0.629796243,0.601076973,0.59489018,0.568145529,0.520234541,0.490601046,0.465170682,0.442593724,0.432019469,0.378281009,0.376109523,0.350655123,0.346462027,0.295287479,,,,,,,,
2014,0.927592913,0.971310348,0.946466608,0.953162889,0.955256699,0.982926773,0.985694684,1.003103934,1.000895355,1.015873105,1.04443092,1.084778918,1.077641289,1.130563805,1.098500966,1.142617993,1.14283872,1.138314826,1.141932984,1.040907628,1.076485867,1.13014269,1.068353547,1.093985655,0.9411066,1.058632375,1.190440049,1.25881485,1.348147844,1.358193365,1.421639821,1.297262752,1.135013911,1.036073085,0.947554368,0.888387812,0.914714554,0.859253108,0.811893309,0.77514897,0.740570954,0.670457834,0.633503746,0.565750605,0.495864976,0.426542829,0.415564727,0.346225378,,,,,,,,,,,,
2015,1.035158893,0.996534147,0.976341969,0.975421455,0.990891115,0.986001893,1.038640361,1.050244026,1.077221125,1.061258426,1.040693975,1.077349842,1.108712875,1.11920633,1.114914306,1.110526367,1.175579971,1.194880676,1.215246139,1.212334598,1.084013169,1.163140668,1.226157963,1.368529133,1.503911083,1.547606367,1.51337461,1.455719697,1.37030527,1.2298723,1.17541198,1.069255572,1.059337911,1.01632803,0.934290339,0.913098772,0.87791219,0.852093404,0.844597048,0.778521732,0.74191704,0.701225572,0.673573989,0.633123835,,,,,,,,,,,,,,,,
2016,0.979687299,0.996439212,1.020673801,0.969365906,0.998424874,1.118432322,1.137168903,1.022302302,1.053392427,1.050139323,1.12696169,1.075195304,1.123743967,1.164940251,1.157772921,1.201956266,1.09496269,1.254603492,1.351683271,1.493846906,1.491441495,1.631092057,1.574331754,1.469494916,1.392190984,1.227243125,1.168364672,1.127881762,1.128320127,1.111862354,1.06583136,1.072285043,1.028692033,0.993119986,0.961601874,0.912252203,0.886411536,0.828628539,0.814469243,0.758952965,,,,,,,,,,,,,,,,,,,,
2017,0.968315192,0.991952281,0.979153837,0.986441107,1.02529606,1.015184344,1.054036998,1.04705616,1.079723214,1.108648295,1.12128348,1.145018058,1.046910429,1.098522856,1.208210968,1.356717452,1.409547074,1.498301034,1.469040335,1.395210068,1.376766556,1.287786863,1.219244139,1.187368754,1.197138617,1.186293813,1.152514807,1.135045873,1.128852841,1.087056891,1.081489666,1.001019056,0.965851525,0.93966839,0.906884464,0.860394449,,,,,,,,,,,,,,,,,,,,,,,,
2018,0.917168692,0.977827901,1.013224675,1.010273993,1.0735362,1.063738948,1.089593124,1.136754544,1.056809897,1.147466272,1.287638548,1.424878802,1.571789578,1.666439729,1.701522416,1.660031211,1.580348572,1.448267751,1.365645231,1.34530368,1.346741635,1.345110093,1.327035409,1.31207533,1.309195375,1.303197464,1.255935893,1.189375612,1.183221277,1.202294432,1.109989583,1.03119196,,,,,,,,,,,,,,,,,,,,,,,,,,,,
2019,1.005245342,1.003284568,0.999636601,1.04424214,1.011124111,1.26007194,1.218557873,1.353242058,1.446408488,1.579893822,1.603101969,1.543495293,1.447331853,1.321842114,1.265648656,1.259331525,1.25397077,1.264974626,1.23018983,1.232723986,1.220822573,1.220303167,1.214231183,1.127759035,1.096791737,1.130080867,1.098621327,1.045961113,,,,,,,,,,,,,,,,,,,,,,,,,,,,,,,,
2020,0.914333378,1.027866996,1.082290301,1.143963104,1.243279083,1.338336896,1.374112445,1.389307207,1.365887554,1.281524466,1.244307517,1.239876547,1.248400445,1.247305521,1.22053677,1.249423146,1.255261496,1.256226298,1.250341716,1.219458702,1.222929488,1.243061827,1.231002011,1.178473996,,,,,,,,,,,,,,,,,,,,,,,,,,,,,,,,,,,,
2021,1.058890946,1.13195345,1.241266023,1.222504569,1.231734791,1.193421394,1.152098781,1.149419054,1.157466781,1.16892164,1.165321369,1.146280613,1.150940807,1.152209463,1.155518956,1.162290995,1.161542581,1.177830555,1.185581042,1.154849111,,,,,,,,,,,,,,,,,,,,,,,,,,,,,,,,,,,,,,,,
2022,1.018178168,0.99018703,0.982809604,1.002805327,1.029263913,1.070397787,1.096392268,1.124458277,1.152860053,1.151542991,1.169450752,1.171818078,1.175515783,1.213563097,1.246674752,1.208946093,,,,,,,,,,,,,,,,,,,,,,,,,,,,,,,,,,,,,,,,,,,,